{
  "metadata": {
    "generated_at": "2025-11-22T14:54:39.063076",
    "total_crack_images": 6500,
    "total_vegetation_images": 1062,
    "total_images": 7562
  },
  "crack_analysis": {
    "image_count": 6500,
    "split_distribution": {
      "train": 5000,
      "test": 750,
      "valid": 750
    },
    "severity_distribution": {
      "Unknown": 6495,
      "None": 5
    },
    "metrics": {
      "crack_risk_score": {
        "mean": 0.5675495779768552,
        "median": 0.6008135211829575,
        "std": 0.07466826640089877,
        "min": 0.3029827485028754,
        "max": 0.6592816828046515,
        "q25": 0.509642741624863,
        "q75": 0.6316946437927993
      },
      "crack_crack_pixel_ratio": {
        "mean": 0.817593271108774,
        "median": 0.887176513671875,
        "std": 0.1823222198661981,
        "min": 0.178271484375,
        "max": 1.0,
        "q25": 0.719410400390625,
        "q75": 0.9511767578125
      },
      "crack_edge_density": {
        "mean": 0.7024650184044471,
        "median": 0.762276611328125,
        "std": 0.18262507962830712,
        "min": 0.0,
        "max": 0.91751220703125,
        "q25": 0.70916015625,
        "q75": 0.8068621826171876
      },
      "crack_skeleton_length_proxy": {
        "mean": 0.019108402569110575,
        "median": 0.006971435546875,
        "std": 0.031824865450823955,
        "min": 9.765625e-06,
        "max": 0.23768310546875,
        "q25": 0.002310791015625,
        "q75": 0.0194378662109375
      },
      "crack_glcm_entropy": {
        "mean": 3.312010841110107,
        "median": 3.424276887614883,
        "std": 1.291319202121528,
        "min": -1.000000082690371e-10,
        "max": 5.492020944596927,
        "q25": 2.563812401782886,
        "q75": 3.8459904984609024
      },
      "crack_brightness": {
        "mean": 0.21476205459808428,
        "median": 0.158159039914608,
        "std": 0.16409268280285014,
        "min": 0.0,
        "max": 0.708855152130127,
        "q25": 0.09540721029043198,
        "q75": 0.32371583580970764
      },
      "crack_color_mean_r": {
        "mean": 0.23450630736678768,
        "median": 0.158159039914608,
        "std": 0.20189893410903106,
        "min": 0.0,
        "max": 0.8572055101394653,
        "q25": 0.09540720470249653,
        "q75": 0.32383735477924347
      },
      "crack_color_mean_g": {
        "mean": 0.2072561890813701,
        "median": 0.158159039914608,
        "std": 0.15207764247589428,
        "min": 0.0,
        "max": 0.7081985473632812,
        "q25": 0.09540720470249653,
        "q75": 0.32016121596097946
      },
      "crack_color_mean_b": {
        "mean": 0.20162530180795762,
        "median": 0.15800540894269943,
        "std": 0.14719772665097214,
        "min": 0.0,
        "max": 0.7131941318511963,
        "q25": 0.09539337456226349,
        "q75": 0.29144182056188583
      },
      "crack_roughness": {
        "mean": 0.2343020343365894,
        "median": 0.24415166009332728,
        "std": 0.09311258708681498,
        "min": 0.0,
        "max": 0.4223242723556526,
        "q25": 0.18046313990654544,
        "q75": 0.29726898885195074
      }
    },
    "histograms": {
      "crack_pixel_ratio": {
        "bins": 20,
        "counts": [
          12,
          32,
          39,
          41,
          54,
          89,
          131,
          220,
          219,
          163,
          178,
          217,
          194,
          193,
          189,
          345,
          702,
          1084,
          959,
          1439
        ],
        "edges": [
          0.178271484375,
          0.21935791015625,
          0.26044433593750005,
          0.30153076171875004,
          0.34261718750000003,
          0.38370361328125,
          0.4247900390625,
          0.46587646484375006,
          0.5069628906250001,
          0.5480493164062501,
          0.5891357421875001,
          0.6302221679687501,
          0.6713085937500001,
          0.7123950195312501,
          0.7534814453125,
          0.79456787109375,
          0.835654296875,
          0.87674072265625,
          0.9178271484375,
          0.95891357421875,
          1.0
        ]
      },
      "risk_score": {
        "bins": 20,
        "counts": [
          8,
          17,
          42,
          49,
          42,
          42,
          97,
          172,
          205,
          213,
          312,
          699,
          422,
          237,
          201,
          190,
          475,
          910,
          1539,
          628
        ],
        "edges": [
          0.3029827485028754,
          0.3207976952179642,
          0.33861264193305296,
          0.3564275886481418,
          0.3742425353632306,
          0.3920574820783194,
          0.40987242879340824,
          0.427687375508497,
          0.4455023222235858,
          0.46331726893867464,
          0.4811322156537634,
          0.4989471623688522,
          0.516762109083941,
          0.5345770557990299,
          0.5523920025141187,
          0.5702069492292074,
          0.5880218959442962,
          0.6058368426593851,
          0.623651789374474,
          0.6414667360895627,
          0.6592816828046515
        ]
      }
    },
    "top_risk_images": [
      {
        "filename": "0509_8_jpg_laplacian.jpg",
        "risk_score": 0.6592816828046515
      },
      {
        "filename": "0762-1_jpg_sobelx.jpg",
        "risk_score": 0.6565075308261075
      },
      {
        "filename": "0763-1_jpg_sobelx.jpg",
        "risk_score": 0.6557604573743342
      },
      {
        "filename": "0623_3_jpg_laplacian.jpg",
        "risk_score": 0.6557542401330716
      },
      {
        "filename": "0509_7_jpg_laplacian.jpg",
        "risk_score": 0.6554172240068477
      },
      {
        "filename": "0667-6_jpg_laplacian.jpg",
        "risk_score": 0.6552098657775678
      },
      {
        "filename": "0630_2_jpg_laplacian.jpg",
        "risk_score": 0.6550736863944003
      },
      {
        "filename": "0751-4_jpg_laplacian.jpg",
        "risk_score": 0.6550710867641357
      },
      {
        "filename": "0660-3_jpg_sobelx.jpg",
        "risk_score": 0.65503636417508
      },
      {
        "filename": "a_17_2_jpg_sobelx.jpg",
        "risk_score": 0.6549208139291441
      }
    ]
  },
  "vegetation_analysis": {
    "image_count": 1062,
    "split_distribution": {
      "train": 735,
      "test": 218,
      "valid": 109
    },
    "type_distribution": {
      "Other": 1062
    },
    "metrics": {
      "vegetation_risk_score": {
        "mean": 0.9988007450125924,
        "median": 1.0,
        "std": 0.011580073503387224,
        "min": 0.8198645924929868,
        "max": 1.0,
        "q25": 1.0,
        "q75": 1.0
      },
      "vegetation_vegetation_coverage": {
        "mean": 0.29719607940501414,
        "median": 0.09735961914062499,
        "std": 0.3579590308637272,
        "min": 0.0011181640625,
        "max": 0.99078125,
        "q25": 0.025050048828124998,
        "q75": 0.6550164794921876
      },
      "vegetation_green_index_mean": {
        "mean": 0.27170219545282437,
        "median": 0.2488793581724167,
        "std": 0.12614897522071292,
        "min": 0.10731226205825806,
        "max": 1.0208216905593872,
        "q25": 0.1904899887740612,
        "q75": 0.30854395031929016
      },
      "vegetation_glcm_entropy": {
        "mean": 5.0135148656540185,
        "median": 5.124465240169901,
        "std": 0.43322724531794543,
        "min": 2.8935933242758565,
        "max": 5.482432083154016,
        "q25": 4.887681896218876,
        "q75": 5.329712610359952
      },
      "vegetation_brightness": {
        "mean": 0.5433323041670964,
        "median": 0.5079051852226257,
        "std": 0.1035040630126753,
        "min": 0.2214650958776474,
        "max": 0.9061879515647888,
        "q25": 0.4791780188679695,
        "q75": 0.6263037770986557
      },